<?xml version="1.0" encoding="UTF-8"?>
<project-private xmlns="http://www.netbeans.org/ns/project-private/1">
    <editor-bookmarks xmlns="http://www.netbeans.org/ns/editor-bookmarks/2" lastBookmarkId="0"/>
    <open-files xmlns="http://www.netbeans.org/ns/projectui-open-files/2">
        <group>
            <file>file:/C:/Users/jonas.ribeiro/Documents/NetBeansProjects/Java_Banco/src/Controle/ControleContato.java</file>
            <file>file:/C:/Users/jonas.ribeiro/Documents/NetBeansProjects/Java_Banco/src/Modelo/BancoContato.java</file>
            <file>file:/C:/Users/jonas.ribeiro/Documents/NetBeansProjects/Java_Banco/src/Modelo/Conexao.java</file>
            <file>file:/C:/Users/jonas.ribeiro/Documents/NetBeansProjects/Java_Banco/src/Modelo/DadosContato.java</file>
            <file>file:/C:/Users/jonas.ribeiro/Documents/NetBeansProjects/Java_Banco/src/Visao/Cadastro.java</file>
            <file>file:/C:/Users/jonas.ribeiro/Documents/NetBeansProjects/Java_Banco/src/Visao/index.java</file>
            <file>file:/C:/Users/jonas.ribeiro/Documents/NetBeansProjects/Java_Banco/src/Visao/Listar.java</file>
        </group>
    </open-files>
</project-private>
